cenario,variavel_1,variavel_2,abs_r_variavel_1_eto,abs_r_variavel_2_eto,r_entre_variaveis
C07,rn_mj_m2_dia,u2_ms,0.9201813982013745,0.4943013576623549,0.2659300307860905
C08,rn_mj_m2_dia,ur_media_pct,0.9201813982013745,0.6788732654325029,-0.4220476315616587
C09,rn_mj_m2_dia,tmax_c,0.9201813982013745,0.8702159602540158,0.750707680320809
C10,rn_mj_m2_dia,tmin_c,0.9201813982013745,0.4276036405463366,0.4247630050913601
C11,rn_mj_m2_dia,tmedia_inmet_c,0.9201813982013745,0.7832289068012286,0.7078933328827048
C12,u2_ms,ur_media_pct,0.4943013576623549,0.6788732654325029,-0.46424640110512433
C13,u2_ms,tmax_c,0.4943013576623549,0.8702159602540158,0.32363290000297057
C14,u2_ms,tmin_c,0.4943013576623549,0.4276036405463366,0.11637771005668976
C15,u2_ms,tmedia_inmet_c,0.4943013576623549,0.7832289068012286,0.2815076027278334
C16,ur_media_pct,tmax_c,0.6788732654325029,0.8702159602540158,-0.616122187461115
C17,ur_media_pct,tmin_c,0.6788732654325029,0.4276036405463366,-0.05344839356763703
C18,ur_media_pct,tmedia_inmet_c,0.6788732654325029,0.7832289068012286,-0.4726899402809908
C19,tmax_c,tmin_c,0.8702159602540158,0.4276036405463366,0.5310621887927615
C20,tmax_c,tmedia_inmet_c,0.8702159602540158,0.7832289068012286,0.8925560432346933
C21,tmin_c,tmedia_inmet_c,0.4276036405463366,0.7832289068012286,0.817865269517745
