cenario,tipo_cenario,n_variaveis,variaveis,seed,mse_validacao_normalizado,rmse_validacao,r2_validacao,mse_teste_normalizado,rmse_teste,r2_teste,melhor_epoca,epoca_parada,tempo_treinamento_segundos,rotulo
C63,Completo,6,rn_mj_m2_dia | u2_ms | ur_media_pct | tmax_c | tmin_c | tmedia_inmet_c,42,0.0002717083060198804,0.02666870433651842,0.9997061745538728,0.00029805171652697027,0.027931630173966677,0.9997141738719917,161,561,198.40192317962646,Rn + u2 + UR + Tmax + Tmin + Tmed
C58,Quinteto,5,rn_mj_m2_dia | u2_ms | ur_media_pct | tmax_c | tmedia_inmet_c,42,0.002061356445731561,0.07345595497646071,0.997770848479216,0.001909150741994381,0.07069204692837423,0.9981691596557842,152,552,195.1519169807434,Rn + u2 + UR + Tmax + Tmed
C57,Quinteto,5,rn_mj_m2_dia | u2_ms | ur_media_pct | tmax_c | tmin_c,42,0.002516626287841244,0.08116332453075206,0.9972785195003935,0.002435809001326561,0.07984947507786704,0.9976641040659958,429,829,292.47740149497986,Rn + u2 + UR + Tmax + Tmin
C42,Quarteto,4,rn_mj_m2_dia | u2_ms | ur_media_pct | tmax_c,42,0.0027561195155830676,0.08493750208752836,0.9970195314701393,0.002738439477980137,0.0846646347035046,0.99737388683084,259,659,233.36986303329468,Rn + u2 + UR + Tmax
C59,Quinteto,5,rn_mj_m2_dia | u2_ms | ur_media_pct | tmin_c | tmedia_inmet_c,42,0.013009913623619309,0.1845387907094512,0.9859310750884354,0.012752154842019081,0.18270155439723357,0.9877709183597607,274,674,238.8913288116455,Rn + u2 + UR + Tmin + Tmed
C44,Quarteto,4,rn_mj_m2_dia | u2_ms | ur_media_pct | tmedia_inmet_c,42,0.013039345578171043,0.1847474097832788,0.9858992475784341,0.014198199845850468,0.19278226736201295,0.9863841885920616,28,428,150.9276418685913,Rn + u2 + UR + Tmed
C60,Quinteto,5,rn_mj_m2_dia | u2_ms | tmax_c | tmin_c | tmedia_inmet_c,42,0.014889690585082488,0.19742097884567786,0.9838982836113315,0.014660299755632877,0.19589433745746967,0.9859410422890318,175,575,202.89040803909302,Rn + u2 + Tmax + Tmin + Tmed
C45,Quarteto,4,rn_mj_m2_dia | u2_ms | tmax_c | tmin_c,42,0.015600039244512375,0.20207533467979508,0.9831301125718229,0.015729526057839394,0.20291225553996148,0.984915673760248,105,505,178.60712385177612,Rn + u2 + Tmax + Tmin
C43,Quarteto,4,rn_mj_m2_dia | u2_ms | ur_media_pct | tmin_c,42,0.016321305613771493,0.20669401766650727,0.9823501351117899,0.01705649122595787,0.21129795745274962,0.9836431392085163,19,419,148.00724387168884,Rn + u2 + UR + Tmin
C46,Quarteto,4,rn_mj_m2_dia | u2_ms | tmax_c | tmedia_inmet_c,42,0.017018166182412087,0.211060440249298,0.9815965497938367,0.0165446475148201,0.20810342357486422,0.9841339868562914,458,858,303.6847085952759,Rn + u2 + Tmax + Tmed
C23,Trio,3,rn_mj_m2_dia | u2_ms | tmax_c,42,0.02019991342043929,0.22994565819462232,0.9781558073295267,0.018902596086263657,0.22243912467455065,0.9818727587547307,45,445,157.4488971233368,Rn + u2 + Tmax
C61,Quinteto,5,rn_mj_m2_dia | ur_media_pct | tmax_c | tmin_c | tmedia_inmet_c,42,0.020562475351087326,0.23200009200168198,0.9777637327366552,0.021421916782855988,0.23679887010602468,0.9794567755405402,397,797,282.26176285743713,Rn + UR + Tmax + Tmin + Tmed
C22,Trio,3,rn_mj_m2_dia | u2_ms | ur_media_pct,42,0.021833867856536807,0.23906489110366339,0.9763888482568472,0.022340144962072372,0.24182068596635095,0.9785762122358242,63,463,163.31460618972778,Rn + u2 + UR
C48,Quarteto,4,rn_mj_m2_dia | ur_media_pct | tmax_c | tmin_c,42,0.023428694850610818,0.24764211773329753,0.9746642018946501,0.025401925668120384,0.2578598882508189,0.9756400192935764,1239,1639,580.008960723877,Rn + UR + Tmax + Tmin
C49,Quarteto,4,rn_mj_m2_dia | ur_media_pct | tmax_c | tmedia_inmet_c,42,0.02384195947949532,0.2498166783028915,0.9742172979434552,0.025311267003417015,0.2573993144709615,0.9757269622346368,851,1251,441.9886827468872,Rn + UR + Tmax + Tmed
C26,Trio,3,rn_mj_m2_dia | ur_media_pct | tmax_c,42,0.025779318690801068,0.25976831632472397,0.9721222364585869,0.02689434215426445,0.26532667608724253,0.9742088211848013,107,507,179.11893510818481,Rn + UR + Tmax
C47,Quarteto,4,rn_mj_m2_dia | u2_ms | tmin_c | tmedia_inmet_c,42,0.02914871851429142,0.2762232274362743,0.9684785663516633,0.027238208800554276,0.26701750600332663,0.9738790582837532,132,532,188.07231187820435,Rn + u2 + Tmin + Tmed
C50,Quarteto,4,rn_mj_m2_dia | ur_media_pct | tmin_c | tmedia_inmet_c,42,0.03132925558018031,0.28636866902180963,0.9661205327032243,0.03358286991715431,0.29648953049523374,0.9677946454652852,413,813,287.155503988266,Rn + UR + Tmin + Tmed
C28,Trio,3,rn_mj_m2_dia | ur_media_pct | tmedia_inmet_c,42,0.033642276697266424,0.29675165746527676,0.9636192307509263,0.03618196025490761,0.30774890418066064,0.9653021639885234,178,578,203.57740545272827,Rn + UR + Tmed
C27,Trio,3,rn_mj_m2_dia | ur_media_pct | tmin_c,42,0.03649735891650184,0.3090873125908221,0.9605317447605118,0.039869509637355804,0.3230508648289682,0.9617658732294506,316,716,253.52975034713745,Rn + UR + Tmin
C08,Par,2,rn_mj_m2_dia | ur_media_pct,42,0.044836440605683335,0.3425831710819295,0.9515138588820553,0.04621099680662155,0.3477948336484422,0.9556845041885877,497,897,333.2875349521637,Rn + UR
C25,Trio,3,rn_mj_m2_dia | u2_ms | tmedia_inmet_c,42,0.04955952704098938,0.36017539186611613,0.9464063117379892,0.045537687838077545,0.3452518062590936,0.956330192403507,281,681,240.0615303516388,Rn + u2 + Tmed
C51,Quarteto,4,rn_mj_m2_dia | tmax_c | tmin_c | tmedia_inmet_c,42,0.0539932812450619,0.37594154611338954,0.9416116480139657,0.057131078094244,0.3867111255949891,0.945212347390583,148,548,193.57932090759277,Rn + Tmax + Tmin + Tmed
C29,Trio,3,rn_mj_m2_dia | tmax_c | tmin_c,42,0.05765266731206933,0.3884723976106944,0.937654386469591,0.06257931888103485,0.4047304511677243,0.9399875824898283,316,716,252.7483139038086,Rn + Tmax + Tmin
C30,Trio,3,rn_mj_m2_dia | tmax_c | tmedia_inmet_c,42,0.0633446002702301,0.40719764706733974,0.9314991294626013,0.06576990336179733,0.414919702616083,0.9369278732059093,173,573,202.00368070602417,Rn + Tmax + Tmed
C09,Par,2,rn_mj_m2_dia | tmax_c,42,0.06736150760225224,0.4199101411302768,0.9271552432104515,0.07168832421302795,0.4331862578591861,0.9312522163601594,108,508,188.4027259349823,Rn + Tmax
C31,Trio,3,rn_mj_m2_dia | tmin_c | tmedia_inmet_c,42,0.07051181427618448,0.4296169451989243,0.9237485026201119,0.0702420324087143,0.4287942648047944,0.9326391907979047,316,716,252.77652192115784,Rn + Tmin + Tmed
C24,Trio,3,rn_mj_m2_dia | u2_ms | tmin_c,42,0.07245556135036296,0.4354981612013245,0.9216465322155738,0.0698702409863472,0.42765797217468654,0.9329957262313598,738,1138,401.0759539604187,Rn + u2 + Tmin
C07,Par,2,rn_mj_m2_dia | u2_ms,42,0.07837023892647939,0.45292474091397816,0.9152503993941742,0.07736515253782272,0.450011019678994,0.9258082428128396,281,681,252.5592076778412,Rn + u2
C11,Par,2,rn_mj_m2_dia | tmedia_inmet_c,42,0.10347364036363733,0.52043359545611,0.8881035731636551,0.10536707937717438,0.5251736698583074,0.8989549023228414,171,571,211.6964328289032,Rn + Tmed
C10,Par,2,rn_mj_m2_dia | tmin_c,42,0.13502866888901233,0.5945158722678164,0.8539799547454474,0.1413802057504654,0.6083377318020808,0.8644189889813854,371,771,285.3143267631531,Rn + Tmin
C62,Quinteto,5,u2_ms | ur_media_pct | tmax_c | tmin_c | tmedia_inmet_c,42,0.138483940415663,0.6020744085636195,0.8502434224097806,0.1307189017534256,0.5849511907364567,0.8746429918339318,409,809,287.5791268348694,u2 + UR + Tmax + Tmin + Tmed
C53,Quarteto,4,u2_ms | ur_media_pct | tmax_c | tmedia_inmet_c,42,0.14042874347505044,0.6062872934592417,0.8481403117879927,0.13754813373088837,0.6000366774971958,0.868093877205395,181,581,204.9810070991516,u2 + UR + Tmax + Tmed
C52,Quarteto,4,u2_ms | ur_media_pct | tmax_c | tmin_c,42,0.14371528323170088,0.6133409197367459,0.8445862458662851,0.13773243129253387,0.6004385583100436,0.8679171270365553,153,553,194.87546014785767,u2 + UR + Tmax + Tmin
C01,Individual,1,rn_mj_m2_dia,42,0.14478150161835673,0.6156118897120879,0.8434332382655361,0.15252745151519775,0.6318652503230787,0.8537289754479959,699,1099,408.38944029808044,Rn
C55,Quarteto,4,u2_ms | tmax_c | tmin_c | tmedia_inmet_c,42,0.14709726106405283,0.6205156714950808,0.8409289749206142,0.14407870173454285,0.614115894382179,0.8618311842038678,121,521,184.12283420562744,u2 + Tmax + Tmin + Tmed
C32,Trio,3,u2_ms | ur_media_pct | tmax_c,42,0.15193498963780933,0.6306368744517206,0.8356974539715787,0.14885377883911133,0.6242095265714414,0.8572519629982434,150,550,193.8389537334442,u2 + UR + Tmax
C36,Trio,3,u2_ms | tmax_c | tmedia_inmet_c,42,0.15480473061115313,0.6365647321768854,0.8325941161275774,0.1555595099925995,0.638114680402023,0.8508212953019711,65,465,164.2205352783203,u2 + Tmax + Tmed
C35,Trio,3,u2_ms | tmax_c | tmin_c,42,0.15718064731094328,0.6414310773613631,0.8300247978145902,0.15387755632400513,0.6346556004913897,0.8524342418701987,91,491,173.4018657207489,u2 + Tmax + Tmin
C54,Quarteto,4,u2_ms | ur_media_pct | tmin_c | tmedia_inmet_c,42,0.16324305509905324,0.6536839492218959,0.8234689055943442,0.1620125025510788,0.6512155066486205,0.8446329833630355,29,429,151.55342507362366,u2 + UR + Tmin + Tmed
C37,Trio,3,u2_ms | tmin_c | tmedia_inmet_c,42,0.1706590111314463,0.6683671172517239,0.8154492896493195,0.17297302186489105,0.6728831415479497,0.8341220517361069,25,425,150.19434356689453,u2 + Tmin + Tmed
C13,Par,2,u2_ms | tmax_c,42,0.1764480283527111,0.6796085967542471,0.8091890477958663,0.1728774458169937,0.6726972182847678,0.8342137060123784,65,465,172.08547282218933,u2 + Tmax
C56,Quarteto,4,ur_media_pct | tmax_c | tmin_c | tmedia_inmet_c,42,0.1787451573903318,0.6840181109745178,0.8067049321097763,0.16953672468662262,0.6661658528457606,0.8374173887894663,464,864,305.76102113723755,UR + Tmax + Tmin + Tmed
C39,Trio,3,ur_media_pct | tmax_c | tmedia_inmet_c,42,0.17927748424182233,0.6850359112022555,0.8061292686012328,0.17277604341506958,0.6724999190953608,0.8343109405593687,58,458,161.775812625885,UR + Tmax + Tmed
C38,Trio,3,ur_media_pct | tmax_c | tmin_c,42,0.18317428355912765,0.6924408992262912,0.801915271545244,0.17308486998081207,0.6731006600170238,0.8340147898742838,58,458,162.0604727268219,UR + Tmax + Tmin
C16,Par,2,ur_media_pct | tmax_c,42,0.1899640141509837,0.7051575044541409,0.7945728526779651,0.18400172889232635,0.6940030966849738,0.8235457283342766,25,425,149.99582290649414,UR + Tmax
C34,Trio,3,u2_ms | ur_media_pct | tmedia_inmet_c,42,0.1957093408827881,0.7157415641801091,0.7883598565555392,0.19882623851299286,0.7214185827550563,0.8093292786199492,65,465,164.86701464653015,u2 + UR + Tmed
C41,Trio,3,tmax_c | tmin_c | tmedia_inmet_c,42,0.19647804545976813,0.7171458232040113,0.7875285812975837,0.190226212143898,0.7056439546455727,0.8175765729616737,229,629,223.48003005981445,Tmax + Tmin + Tmed
C40,Trio,3,ur_media_pct | tmin_c | tmedia_inmet_c,42,0.20068545862614776,0.7247836963398735,0.7829786792769494,0.19812677800655365,0.7201484936789196,0.8100000559792994,58,458,162.12248849868774,UR + Tmin + Tmed
C20,Par,2,tmax_c | tmedia_inmet_c,42,0.20689543583590667,0.7359120606403164,0.7762632052589546,0.20371142029762268,0.7302274433652114,0.8046444918653255,121,521,183.7249631881714,Tmax + Tmed
C19,Par,2,tmax_c | tmin_c,42,0.21413664999690124,0.7486795375584454,0.7684325581844669,0.2091168463230133,0.7398521997742498,0.799460790540326,1222,1622,573.4093763828278,Tmax + Tmin
C21,Par,2,tmin_c | tmedia_inmet_c,42,0.22081032550459007,0.7602565223120281,0.7612156385417469,0.21803069114685059,0.7554561626239937,0.7909125835565625,601,1001,352.88065552711487,Tmin + Tmed
C04,Individual,1,tmax_c,42,0.2230868266762687,0.7641654906389211,0.7587538375970588,0.2252693921327591,0.76789450131221,0.7839707911157235,7,407,150.40353202819824,Tmax
C18,Par,2,ur_media_pct | tmedia_inmet_c,42,0.22699512783482706,0.7708302176374623,0.7545273937710155,0.23459990322589874,0.7836360106461412,0.7750229955772305,34,434,153.03964066505432,UR + Tmed
C15,Par,2,u2_ms | tmedia_inmet_c,42,0.27854542420793765,0.8538832175514812,0.6987808859278939,0.279453307390213,0.8552736264150307,0.7320094252991753,275,675,249.38698315620422,u2 + Tmed
C33,Trio,3,u2_ms | ur_media_pct | tmin_c,42,0.2799484503565071,0.8560310010753516,0.6972636594918584,0.28704318404197693,0.8668103474695462,0.724730855068491,443,843,298.02915954589844,u2 + UR + Tmin
C17,Par,2,ur_media_pct | tmin_c,42,0.32371492524615664,0.9205170172710065,0.6499345787252198,0.33982226252555847,0.943140453607175,0.6741166994697676,572,972,342.62510919570923,UR + Tmin
C06,Individual,1,tmedia_inmet_c,42,0.344109402204438,0.9490710670132615,0.6278799772638985,0.3661327362060547,0.9789708202699601,0.6488854278884796,112,512,189.18042087554932,Tmed
C12,Par,2,u2_ms | ur_media_pct,42,0.4187746094979698,1.0469854138602348,0.547137005752911,0.4443274438381195,1.0784549733011672,0.5738981744712417,181,581,214.96627497673035,u2 + UR
C03,Individual,1,ur_media_pct,42,0.4918426597853295,1.1346542840054026,0.4681211936265538,0.5198365449905396,1.1664976089245735,0.5014863371514482,18,418,154.30780029296875,UR
C14,Par,2,u2_ms | tmin_c,42,0.5550916184532532,1.2054044720986807,0.3997237402545588,0.5643906593322754,1.2154591713374885,0.45875972041683954,218,618,228.33801317214966,u2 + Tmin
C02,Individual,1,u2_ms,42,0.6719674648071309,1.32624751676319,0.2733341704850224,0.720223605632782,1.373042978345869,0.3093188191904578,51,451,167.34155583381653,u2
C05,Individual,1,tmin_c,42,0.7261993437759381,1.3787273446904542,0.2146877909229542,0.7973319292068481,1.444674608073984,0.23537333543457462,82,482,177.9448356628418,Tmin
