cenario,tipo,variaveis,semente,tempo_treinamento_segundos,tempo_treinamento_minutos
C01,Individual,Radiacao,42,408.38944029808044,6.806490671634674
C02,Individual,Vel_Vento,42,167.34155583381653,2.789025930563609
C03,Individual,umidade,42,154.30780029296875,2.571796671549479
C04,Individual,Temp_Max,42,150.40353202819824,2.506725533803304
C05,Individual,Temp_Min,42,177.9448356628418,2.965747261047363
C06,Individual,Temp_Med,42,189.18042087554932,3.1530070145924887
C07,Par,Radiacao | Vel_Vento,42,252.5592076778412,4.20932012796402
C08,Par,Radiacao | umidade,42,333.2875349521637,5.554792249202729
C09,Par,Radiacao | Temp_Max,42,188.4027259349823,3.140045432249705
C10,Par,Radiacao | Temp_Min,42,285.3143267631531,4.755238779385885
C11,Par,Radiacao | Temp_Med,42,211.6964328289032,3.52827388048172
C12,Par,Vel_Vento | umidade,42,214.96627497673035,3.5827712496121724
C13,Par,Vel_Vento | Temp_Max,42,172.08547282218933,2.8680912137031553
C14,Par,Vel_Vento | Temp_Min,42,228.33801317214966,3.805633552869161
C15,Par,Vel_Vento | Temp_Med,42,249.38698315620422,4.1564497192700705
C16,Par,umidade | Temp_Max,42,149.99582290649414,2.4999303817749023
C17,Par,umidade | Temp_Min,42,342.62510919570923,5.710418486595154
C18,Par,umidade | Temp_Med,42,153.03964066505432,2.5506606777509053
C19,Par,Temp_Max | Temp_Min,42,573.4093763828278,9.556822939713795
C20,Par,Temp_Max | Temp_Med,42,183.7249631881714,3.0620827198028566
C21,Par,Temp_Min | Temp_Med,42,352.88065552711487,5.881344258785248
C22,Trio,Radiacao | Vel_Vento | umidade,42,163.31460618972778,2.72191010316213
C23,Trio,Radiacao | Vel_Vento | Temp_Max,42,157.4488971233368,2.6241482853889466
C24,Trio,Radiacao | Vel_Vento | Temp_Min,42,401.0759539604187,6.684599232673645
C25,Trio,Radiacao | Vel_Vento | Temp_Med,42,240.0615303516388,4.001025505860647
C26,Trio,Radiacao | umidade | Temp_Max,42,179.11893510818481,2.9853155851364135
C27,Trio,Radiacao | umidade | Temp_Min,42,253.52975034713745,4.225495839118958
C28,Trio,Radiacao | umidade | Temp_Med,42,203.57740545272827,3.392956757545471
C29,Trio,Radiacao | Temp_Max | Temp_Min,42,252.7483139038086,4.21247189839681
C30,Trio,Radiacao | Temp_Max | Temp_Med,42,202.00368070602417,3.3667280117670697
C31,Trio,Radiacao | Temp_Min | Temp_Med,42,252.77652192115784,4.212942032019297
C32,Trio,Vel_Vento | umidade | Temp_Max,42,193.8389537334442,3.2306492288907367
C33,Trio,Vel_Vento | umidade | Temp_Min,42,298.02915954589844,4.967152659098307
C34,Trio,Vel_Vento | umidade | Temp_Med,42,164.86701464653015,2.7477835774421693
C35,Trio,Vel_Vento | Temp_Max | Temp_Min,42,173.4018657207489,2.890031095345815
C36,Trio,Vel_Vento | Temp_Max | Temp_Med,42,164.2205352783203,2.7370089213053386
C37,Trio,Vel_Vento | Temp_Min | Temp_Med,42,150.19434356689453,2.503239059448242
C38,Trio,umidade | Temp_Max | Temp_Min,42,162.0604727268219,2.701007878780365
C39,Trio,umidade | Temp_Max | Temp_Med,42,161.775812625885,2.69626354376475
C40,Trio,umidade | Temp_Min | Temp_Med,42,162.12248849868774,2.702041474978129
C41,Trio,Temp_Max | Temp_Min | Temp_Med,42,223.48003005981445,3.7246671676635743
C42,Quarteto,Radiacao | Vel_Vento | umidade | Temp_Max,42,233.36986303329468,3.889497717221578
C43,Quarteto,Radiacao | Vel_Vento | umidade | Temp_Min,42,148.00724387168884,2.4667873978614807
C44,Quarteto,Radiacao | Vel_Vento | umidade | Temp_Med,42,150.9276418685913,2.5154606978098553
C45,Quarteto,Radiacao | Vel_Vento | Temp_Max | Temp_Min,42,178.60712385177612,2.976785397529602
C46,Quarteto,Radiacao | Vel_Vento | Temp_Max | Temp_Med,42,303.6847085952759,5.061411809921265
C47,Quarteto,Radiacao | Vel_Vento | Temp_Min | Temp_Med,42,188.07231187820435,3.1345385313034058
C48,Quarteto,Radiacao | umidade | Temp_Max | Temp_Min,42,580.008960723877,9.666816012064617
C49,Quarteto,Radiacao | umidade | Temp_Max | Temp_Med,42,441.9886827468872,7.366478045781453
C50,Quarteto,Radiacao | umidade | Temp_Min | Temp_Med,42,287.155503988266,4.7859250664710995
C51,Quarteto,Radiacao | Temp_Max | Temp_Min | Temp_Med,42,193.57932090759277,3.2263220151265464
C52,Quarteto,Vel_Vento | umidade | Temp_Max | Temp_Min,42,194.87546014785767,3.2479243357976277
C53,Quarteto,Vel_Vento | umidade | Temp_Max | Temp_Med,42,204.9810070991516,3.4163501183191936
C54,Quarteto,Vel_Vento | umidade | Temp_Min | Temp_Med,42,151.55342507362366,2.5258904178937276
C55,Quarteto,Vel_Vento | Temp_Max | Temp_Min | Temp_Med,42,184.12283420562744,3.068713903427124
C56,Quarteto,umidade | Temp_Max | Temp_Min | Temp_Med,42,305.76102113723755,5.096017018953959
C57,Quinteto,Radiacao | Vel_Vento | umidade | Temp_Max | Temp_Min,42,292.47740149497986,4.874623358249664
C58,Quinteto,Radiacao | Vel_Vento | umidade | Temp_Max | Temp_Med,42,195.1519169807434,3.252531949679057
C59,Quinteto,Radiacao | Vel_Vento | umidade | Temp_Min | Temp_Med,42,238.8913288116455,3.9815221468607587
C60,Quinteto,Radiacao | Vel_Vento | Temp_Max | Temp_Min | Temp_Med,42,202.89040803909302,3.3815068006515503
C61,Quinteto,Radiacao | umidade | Temp_Max | Temp_Min | Temp_Med,42,282.26176285743713,4.704362714290619
C62,Quinteto,Vel_Vento | umidade | Temp_Max | Temp_Min | Temp_Med,42,287.5791268348694,4.7929854472478235
C63,Completo,Radiacao | Vel_Vento | umidade | Temp_Max | Temp_Min | Temp_Med,42,198.40192317962646,3.306698719660441
